序号,链接,节点数
0,https://nekocandy.pages.dev/sub,0
1,https://raw.githubusercontent.com/Alvin9999/pac2/master/clash.meta2/config.yaml,4
2,https://raw.githubusercontent.com/Barabama/FreeNodes/main/nodes/nodefree.yaml,19
3,https://raw.githubusercontent.com/Barabama/FreeNodes/main/nodes/wenode.yaml,19
4,https://raw.githubusercontent.com/Pawdroid/Free-servers/main/sub,53
5,https://raw.githubusercontent.com/aiboboxx/v2rayfree/main/v2,148
6,https://raw.githubusercontent.com/zhangkaiitugithub/passcro/main/speednodes.yaml,101
7,dynamic://peasoft,5

总计,,198
